"LCSC","Manufacturer part","References","Quantity per board","Stock snapshot","Checked UTC","Evidence"
"C106076","C1206X472K202T","C1","1","49109","2026-10-04T03:55:07.539Z","https://jlcsearch.tscircuit.com/components/list.json?search=C106076"
"C2857993","0805B475K100NT","C2 C16 C17","3","9551","2026-10-04T03:55:08.634Z","https://jlcsearch.tscircuit.com/components/list.json?search=C2857993"
"C86038","GRM21BR71A106KE51L","C4 C11","2","10453","2026-10-04T03:55:07.863Z","https://jlcsearch.tscircuit.com/components/list.json?search=C86038"
"C1679","0603CG6R8C500NT","C5","1","93931","2026-10-04T03:55:07.537Z","https://jlcsearch.tscircuit.com/components/list.json?search=C1679"
"C113807","CC0603KRX7R6BB105","C6 C7 C8 C9 C12","5","131015","2026-10-04T03:55:07.863Z","https://jlcsearch.tscircuit.com/components/list.json?search=C113807"
"C14663","CC0603KRX7R9BB104","C18 C3 C10 C13 C14 C15","6","12618106","2026-10-04T03:55:07.863Z","https://jlcsearch.tscircuit.com/components/list.json?search=C14663"
"C193402","SMF5.0A","D1","1","402983","2026-10-04T03:55:05.019Z","https://jlcsearch.tscircuit.com/components/list.json?search=C193402"
"C914092","BSMD0603-075-6V","F1","1","96542","2026-10-04T03:55:05.675Z","https://jlcsearch.tscircuit.com/components/list.json?search=C914092"
"C165948","TYPE-C-31-M-12","J1","1","89797","2026-10-04T03:55:04.662Z","https://jlcsearch.tscircuit.com/components/list.json?search=C165948"
"C262669","AFC01-S24FCA-00","J2","1","56931","2026-10-04T06:08:20.951Z","https://jlcsearch.tscircuit.com/components/list.json?search=C262669"
"C98361","WPN4020H2R2MT","L1","1","51123","2026-10-04T03:55:05.010Z","https://jlcsearch.tscircuit.com/components/list.json?search=C98361"
"C2286","KT-0603R","LED1","1","8154450","2026-10-04T03:55:05.978Z","https://jlcsearch.tscircuit.com/components/list.json?search=C2286"
"C23186","0603WAF5101T5E","R1 R2","2","3775920","2026-10-04T03:55:06.917Z","https://jlcsearch.tscircuit.com/components/list.json?search=C23186"
"C23140","0603WAF330JT5E","R3 R4","2","1772784","2026-10-04T03:55:06.918Z","https://jlcsearch.tscircuit.com/components/list.json?search=C23140"
"C22935","0603WAF1004T5E","R5","1","2601258","2026-10-04T03:55:07.180Z","https://jlcsearch.tscircuit.com/components/list.json?search=C22935"
"C861402","RT0603BRD07432KL","R6","1","5000","2026-10-04T04:03:08.868Z","https://jlcsearch.tscircuit.com/resistors/list.json?resistance=432000&package=0603"
"C335088","ARG03BTC1003","R7","1","178619","2026-10-04T04:03:08.869Z","https://jlcsearch.tscircuit.com/resistors/list.json?resistance=100000&package=0603"
"C22920","0603WAF2552T5E","R8","1","1636","2026-10-04T06:08:20.438Z","https://jlcsearch.tscircuit.com/components/list.json?search=C22920"
"C2933218","FRC0603F4022TS","R9","1","804693","2026-10-04T06:08:20.662Z","https://jlcsearch.tscircuit.com/components/list.json?search=C2933218"
"C25804","0603WAF1002T5E","R10 R11 R12 R16 R17","5","37165617","2026-10-04T04:03:08.862Z","https://jlcsearch.tscircuit.com/resistors/list.json?resistance=10000&package=0603"
"C21190","0603WAF1001T5E","R13","1","8013731","2026-10-04T03:55:07.522Z","https://jlcsearch.tscircuit.com/components/list.json?search=C21190"
"C23162","0603WAF4701T5E","R14 R15","2","7433362","2026-10-04T03:55:06.921Z","https://jlcsearch.tscircuit.com/components/list.json?search=C23162"
"C318884","TS-1187A-B-A-B","SW1 SW2 SW3","3","1683297","2026-10-04T03:55:05.964Z","https://jlcsearch.tscircuit.com/components/list.json?search=C318884"
"C2913202","ESP32-S3-WROOM-1-N16R8","U1","1","32101","2026-10-04T03:55:04.446Z","https://jlcsearch.tscircuit.com/components/list.json?search=C2913202"
"C2687116","USBLC6-2SC6","U2","1","150192","2026-10-04T03:55:04.695Z","https://jlcsearch.tscircuit.com/components/list.json?search=C2687116"
"C141836","TLV62569DBVR","U3","1","108275","2026-10-04T03:55:05.014Z","https://jlcsearch.tscircuit.com/components/list.json?search=C141836"
"C347374","XC6206P282MR","U4","1","169833","2026-10-04T03:55:06.634Z","https://jlcsearch.tscircuit.com/components/list.json?search=C347374"
"C5152783","SGM2059-ADJXN5G/TR","U5","1","3781","2026-10-04T03:55:05.960Z","https://jlcsearch.tscircuit.com/components/list.json?search=C5152783"
