"Designator","Mid X","Mid Y","Layer","Rotation"
"J1","-29.0250mm","-2.5000mm","Top","270"
"R1","-21.0000mm","1.0000mm","Top","90"
"R2","-23.2000mm","-6.5000mm","Top","90"
"R5","-29.2000mm","-10.0000mm","Top","0"
"C1","-25.3000mm","-10.0000mm","Top","90"
"U2","-22.0000mm","-2.5000mm","Top","270"
"C18","-18.3000mm","-2.5000mm","Top","0"
"R3","-8.0000mm","-1.5950mm","Top","0"
"R4","-8.0000mm","-3.4950mm","Top","0"
"F1","-28.0000mm","5.5000mm","Top","0"
"D1","-24.0000mm","3.9000mm","Top","0"
"U3","-20.2000mm","9.2000mm","Top","0"
"L1","-15.1000mm","10.1500mm","Top","0"
"C2","-28.0000mm","10.1500mm","Top","180"
"C3","-24.0000mm","10.1500mm","Top","180"
"C4","-10.4000mm","9.9000mm","Top","0"
"R6","-22.8000mm","6.0000mm","Top","0"
"R7","-18.8000mm","6.0000mm","Top","180"
"C5","-26.5000mm","7.6000mm","Top","180"
"U4","19.0000mm","-12.0000mm","Top","0"
"C6","15.6000mm","-12.0000mm","Top","180"
"C7","22.4000mm","-12.0000mm","Top","0"
"U5","27.0000mm","-12.0000mm","Top","0"
"C8","30.6000mm","-12.0000mm","Top","0"
"C9","25.7000mm","-16.0000mm","Top","270"
"R8","24.4000mm","-8.9000mm","Top","0"
"R9","28.4000mm","-8.9000mm","Top","0"
"U1","4.0000mm","4.3000mm","Top","0"
"C10","-8.0000mm","12.0750mm","Top","180"
"C11","-11.5000mm","13.5000mm","Top","180"
"R10","-8.0000mm","6.0000mm","Top","0"
"C12","-11.4000mm","5.8000mm","Top","0"
"R11","16.1000mm","-3.1650mm","Top","0"
"R12","-8.0000mm","3.1850mm","Top","0"
"SW1","26.0000mm","6.5000mm","Top","0"
"SW2","26.0000mm","-1.0000mm","Top","0"
"SW3","-18.0000mm","-13.2000mm","Top","0"
"R13","-15.0000mm","-7.6000mm","Top","0"
"LED1","-11.5000mm","-7.6000mm","Top","0"
"J2","4.0000mm","-16.8000mm","Top","0"
"R14","-7.5000mm","-10.5000mm","Top","0"
"R15","-7.5000mm","-12.5000mm","Top","0"
"R16","-7.5000mm","-14.5000mm","Top","0"
"R17","-7.5000mm","-16.5000mm","Top","0"
"C13","-1.0000mm","-10.0000mm","Top","90"
"C14","2.0000mm","-10.0000mm","Top","90"
"C15","5.0000mm","-10.0000mm","Top","90"
"C16","-3.8000mm","-12.0000mm","Top","90"
"C17","12.0000mm","-11.4000mm","Top","90"
