"Comment","Designator","Footprint","LCSC Part #"
"C1206X472K202T","C1","1206","C106076"
"0805B475K100NT","C2,C16,C17","0805","C2857993"
"GRM21BR71A106KE51L","C4,C11","0805","C86038"
"0603CG6R8C500NT","C5","0603","C1679"
"CC0603KRX7R6BB105","C6,C7,C8,C9,C12","0603","C113807"
"CC0603KRX7R9BB104","C18,C3,C10,C13,C14,C15","0603","C14663"
"SMF5.0A","D1","SOD-123FL","C193402"
"BSMD0603-075-6V","F1","0603","C914092"
"TYPE-C-31-M-12","J1","SMD","C165948"
"AFC01-S24FCA-00","J2","SMD,P=0.5mm,卧贴","C262669"
"WPN4020H2R2MT","L1","SMD,4x4mm","C98361"
"KT-0603R","LED1","0603","C2286"
"0603WAF5101T5E","R1,R2","0603","C23186"
"0603WAF330JT5E","R3,R4","0603","C23140"
"0603WAF1004T5E","R5","0603","C22935"
"RT0603BRD07432KL","R6","0603","C861402"
"ARG03BTC1003","R7","0603","C335088"
"0603WAF2552T5E","R8","0603","C22920"
"FRC0603F4022TS","R9","0603","C2933218"
"0603WAF1002T5E","R10,R11,R12,R16,R17","0603","C25804"
"0603WAF1001T5E","R13","0603","C21190"
"0603WAF4701T5E","R14,R15","0603","C23162"
"TS-1187A-B-A-B","SW1,SW2,SW3","SMD-4P,5.1x5.1mm","C318884"
"ESP32-S3-WROOM-1-N16R8","U1","SMD,25.5x18mm","C2913202"
"USBLC6-2SC6","U2","SOT-23-6","C2687116"
"TLV62569DBVR","U3","SOT-23-5","C141836"
"XC6206P282MR","U4","SOT-23","C347374"
"SGM2059-ADJXN5G/TR","U5","SOT-23-5","C5152783"
